<?xml version="1.0" encoding="UTF-8"?>
<project-private xmlns="http://www.netbeans.org/ns/project-private/1">
    <editor-bookmarks xmlns="http://www.netbeans.org/ns/editor-bookmarks/2" lastBookmarkId="0"/>
    <open-files xmlns="http://www.netbeans.org/ns/projectui-open-files/2">
        <group>
            <file>file:/C:/Users/win/Documents/NetBeansProjects/ProjectPRJ/web/js/script.js</file>
            <file>file:/C:/Users/win/Documents/NetBeansProjects/ProjectPRJ/src/java/controller/ProductServlet.java</file>
            <file>file:/C:/Users/win/Documents/NetBeansProjects/ProjectPRJ/web/product/productListCart.jsp</file>
            <file>file:/C:/Users/win/Documents/NetBeansProjects/ProjectPRJ/web/WEB-INF/web.xml</file>
            <file>file:/C:/Users/win/Documents/NetBeansProjects/ProjectPRJ/src/java/controller/CartServlet.java</file>
            <file>file:/C:/Users/win/Documents/NetBeansProjects/ProjectPRJ/src/java/controller/LoginServlet.java</file>
            <file>file:/C:/Users/win/Documents/NetBeansProjects/ProjectPRJ/web/product/listProduct.jsp</file>
            <file>file:/C:/Users/win/Documents/NetBeansProjects/ProjectPRJ/web/login.jsp</file>
            <file>file:/C:/Users/win/Documents/NetBeansProjects/ProjectPRJ/web/admin.jsp</file>
            <file>file:/C:/Users/win/Documents/NetBeansProjects/ProjectPRJ/src/java/filter/AuthenFilter.java</file>
            <file>file:/C:/Users/win/Documents/NetBeansProjects/ProjectPRJ/web/cart.jsp</file>
            <file>file:/C:/Users/win/Documents/NetBeansProjects/ProjectPRJ/src/java/controller/LogoutServlet.java</file>
        </group>
    </open-files>
</project-private>
